Workbook

Sheet Full Use Test
A1: ID | B1: Section | C1: Area | D1: Test Case | E1: Priority | F1: Device | G1: Precondition | H1: Steps | I1: Expected Result | J1: Status | K1: Bug ID | L1: Tester Notes | M1: Test Data
A2: 1 | B2: 01 - New Player Journey | C2: Home Page | D2: Public home page loads | E2: Critical | F2: Desktop + Mobile | G2: Signed out / private window | H2: 1. Open the production DeltaPets URL. 2. Allow the page to fully load. 3. Scroll through the page. | I2: Homepage renders without a blank screen, broken layout, uncaught error, or forced authenticated-only UI. | J2: Not Run | M2: Fresh test account
A3: 2 | B3: 01 - New Player Journey | C3: Home Page | D3: Signed-out navigation is correct | E3: Critical | F3: Desktop + Mobile | G3: Signed out | H3: 1. Review the header/navigation. 2. Click any public navigation items. 3. Return to Home. | I3: Public links work. Authenticated-only actions do not incorrectly expose private game screens. | J3: Not Run | M3: Fresh test account
A4: 3 | B4: 01 - New Player Journey | C4: Sign Up | D4: Open sign-up flow | E4: Critical | F4: Desktop + Mobile | G4: Signed out | H4: 1. Click Sign Up / Create Account. | I4: Sign-up form opens and all required fields are visible and usable. | J4: Not Run | M4: Fresh test account
A5: 4 | B5: 01 - New Player Journey | C5: Sign Up | D5: Required-field validation | E5: High | F5: Desktop + Mobile | G5: Sign-up form open | H5: 1. Submit the form with required fields empty. 2. Try obviously invalid values where applicable. | I5: Form prevents invalid submission and shows understandable validation without crashing. | J5: Not Run | M5: Fresh test account
A6: 5 | B6: 01 - New Player Journey | C6: Sign Up | D6: Create new account | E6: Critical | F6: Desktop + Mobile | G6: Unique email address available | H6: 1. Enter a new email, password, and requested profile information. 2. Submit once. | I6: Exactly one account is created. User is told to verify/activate the account; duplicate submissions do not create duplicate game state. | J6: Not Run | M6: Fresh test account
A7: 6 | B7: 01 - New Player Journey | C7: Email Verification | D7: Activation email arrives | E7: Critical | F7: Desktop + Mobile | G7: New account submitted | H7: 1. Open the test inbox. 2. Find the DeltaPets verification email. 3. Verify sender, subject, and activation link. | I7: Verification email arrives and contains a usable activation link. | J7: Not Run | M7: Real inbox
A8: 7 | B8: 01 - New Player Journey | C8: Email Verification | D8: Activation link returns cleanly to game | E8: Critical | F8: Desktop + Mobile | G8: Verification email received | H8: 1. Click the activation link. 2. Observe landing page and address bar. 3. Do not refresh manually at first. | I8: Activation succeeds and returns to DeltaPets in a stable authenticated/ready state; no stale blocked Explore state persists for an extended period. | J8: Not Run | M8: Fresh test account
A9: 8 | B9: 01 - New Player Journey | C9: Authentication | D9: First login/auth session resolves | E9: Critical | F9: Desktop + Mobile | G9: Verified account | H9: 1. If prompted, sign in. 2. Wait for the auth UI to resolve. 3. Observe header and Home controls. | I9: Logged-in UI resolves promptly and consistently; signed-out controls do not linger after authentication. | J9: Not Run | M9: Fresh test account
A10: 9 | B10: 01 - New Player Journey | C10: Introduction | D10: Intro gating begins | E10: Critical | F10: Desktop + Mobile | G10: Brand-new verified account | H10: 1. Follow the first-time player flow. 2. Attempt to use Explore before finishing the introduction. | I10: First-time introduction is enforced. The player cannot freely roam/explore before completing the starter hatch flow. | J10: Not Run | M10: Fresh test account
A11: 10 | B11: 01 - New Player Journey | C11: Starter Egg | D11: Exactly one Prismatic Egg exists | E11: Critical | F11: Desktop + Mobile | G11: Brand-new account in intro | H11: 1. Open the starter egg/hatchery portion of the intro. 2. Count starter eggs. 3. Refresh once and re-check. | I11: Exactly one Prismatic Egg exists for the account. Refresh does not create another. | J11: Not Run | M11: Fresh test account
A12: 11 | B12: 01 - New Player Journey | C12: Starter Egg | D12: Prismatic Egg timer runs | E12: Critical | F12: Desktop + Mobile | G12: Starter egg exists | H12: 1. Note timer value. 2. Wait long enough to observe it change. 3. Refresh the page. | I12: Timer counts down correctly and persists across refresh instead of restarting. | J12: Not Run | M12: Fresh test account
A13: 12 | B13: 01 - New Player Journey | C13: Starter Egg | D13: Starter cannot hatch too early | E13: High | F13: Desktop + Mobile | G13: Starter timer still running | H13: 1. Attempt to hatch before timer completion if the UI permits interaction. | I13: Early hatch is prevented or the hatch action remains unavailable. | J13: Not Run | M13: Fresh test account
... A96: 95 | B96: 10 - Production Safety | C96: Deploy | D96: Hard refresh on major routes | E96: Critical | F96: Desktop + Mobile | G96: Production deployment | H96: 1. Hard refresh Home, Profile, Pet, Hatchery/Storage, Inventory, Kithna. | I96: Every deployed route recovers correctly after hard refresh; no 404/blank screen caused by client routing. | J96: Not Run | M96: Fresh test account

Sheet Dashboard
A1: DeltaPets Closed Alpha — Full Use Test Dashboard
A3: Metric | B3: Count | D3: Section | E3: Total | F3: Pass | G3: Fail
A4: Total tests | B4: =COUNTA('Full Use Test'!A2:A96) -> 95 | D4: 01 - New Player Journey | E4: =COUNTIF('Full Use Test'!B:B,D4) -> 17 | F4: =COUNTIFS('Full Use Test'!B:B,D4,'Full Use Test'!J:J,"Pass") -> 0 | G4: =COUNTIFS('Full Use Test'!B:B,D4,'Full Use Test'!J:J,"Fail") -> 0
A5: Passed | B5: =COUNTIF('Full Use Test'!J2:J96,"Pass") -> 0 | D5: 02 - Eggs & Hatchery | E5: =COUNTIF('Full Use Test'!B:B,D5) -> 16 | F5: =COUNTIFS('Full Use Test'!B:B,D5,'Full Use Test'!J:J,"Pass") -> 0 | G5: =COUNTIFS('Full Use Test'!B:B,D5,'Full Use Test'!J:J,"Fail") -> 0
A6: Failed | B6: =COUNTIF('Full Use Test'!J2:J96,"Fail") -> 0 | D6: 03 - Team, Pet & Care | E6: =COUNTIF('Full Use Test'!B:B,D6) -> 14 | F6: =COUNTIFS('Full Use Test'!B:B,D6,'Full Use Test'!J:J,"Pass") -> 0 | G6: =COUNTIFS('Full Use Test'!B:B,D6,'Full Use Test'!J:J,"Fail") -> 0
A7: Blocked | B7: =COUNTIF('Full Use Test'!J2:J96,"Blocked") -> 0 | D7: 04 - Inventory & Economy | E7: =COUNTIF('Full Use Test'!B:B,D7) -> 5 | F7: =COUNTIFS('Full Use Test'!B:B,D7,'Full Use Test'!J:J,"Pass") -> 0 | G7: =COUNTIFS('Full Use Test'!B:B,D7,'Full Use Test'!J:J,"Fail") -> 0
A8: Not Run | B8: =COUNTIF('Full Use Test'!J2:J96,"Not Run") -> 95 | D8: 05 - Exploration & Kithna | E8: =COUNTIF('Full Use Test'!B:B,D8) -> 4 | F8: =COUNTIFS('Full Use Test'!B:B,D8,'Full Use Test'!J:J,"Pass") -> 0 | G8: =COUNTIFS('Full Use Test'!B:B,D8,'Full Use Test'!J:J,"Fail") -> 0
D9: 06 - Persistence | E9: =COUNTIF('Full Use Test'!B:B,D9) -> 14 | F9: =COUNTIFS('Full Use Test'!B:B,D9,'Full Use Test'!J:J,"Pass") -> 0 | G9: =COUNTIFS('Full Use Test'!B:B,D9,'Full Use Test'!J:J,"Fail") -> 0
A10: Release Gate | B10: Value | D10: 07 - Runaway & Recovery | E10: =COUNTIF('Full Use Test'!B:B,D10) -> 6 | F10: =COUNTIFS('Full Use Test'!B:B,D10,'Full Use Test'!J:J,"Pass") -> 0 | G10: =COUNTIFS('Full Use Test'!B:B,D10,'Full Use Test'!J:J,"Fail") -> 0
A11: Critical failures | B11: =COUNTIFS('Full Use Test'!E2:E96,"Critical",'Full Use Test'!J2:J96,"Fail") -> 0 | D11: 08 - Auth & Resilience | E11: =COUNTIF('Full Use Test'!B:B,D11) -> 6 | F11: =COUNTIFS('Full Use Test'!B:B,D11,'Full Use Test'!J:J,"Pass") -> 0 | G11: =COUNTIFS('Full Use Test'!B:B,D11,'Full Use Test'!J:J,"Fail") -> 0
A12: Critical blocked | B12: =COUNTIFS('Full Use Test'!E2:E96,"Critical",'Full Use Test'!J2:J96,"Blocked") -> 0 | D12: 09 - Mobile Acceptance | E12: =COUNTIF('Full Use Test'!B:B,D12) -> 9 | F12: =COUNTIFS('Full Use Test'!B:B,D12,'Full Use Test'!J:J,"Pass") -> 0 | G12: =COUNTIFS('Full Use Test'!B:B,D12,'Full Use Test'!J:J,"Fail") -> 0
A13: Ready for alpha? | B13: =IF(AND(B11=0,B12=0,B8=0),"YES","NO") -> NO | D13: 10 - Production Safety | E13: =COUNTIF('Full Use Test'!B:B,D13) -> 4 | F13: =COUNTIFS('Full Use Test'!B:B,D13,'Full Use Test'!J:J,"Pass") -> 0 | G13: =COUNTIFS('Full Use Test'!B:B,D13,'Full Use Test'!J:J,"Fail") -> 0

Sheet Bug Log
A1: Bug ID | B1: Date | C1: Tester | D1: Test ID | E1: Area | F1: Severity | G1: Device | H1: Summary | I1: Reproduction Steps | J1: Expected | K1: Actual | L1: Status | M1: Notes

Sheet Tester Guide
A1: DeltaPets Full Use Test — How to Use This Workbook
A2: Goal | B2: Walk a tester from the public Home page through the complete currently testable alpha loop, while recording regressions reproducibly.
A3: Recommended first run | B3: Use a brand-new email/account. Do not reuse an account for the New Player Journey unless you deliberately reset it.
A4: Run order | B4: Start with 01 - New Player Journey and continue numerically. Some later rows require multiple pets, stored eggs, or a dedicated test account.
A5: Status meanings | B5: Not Run = untouched; Pass = expected result matched; Fail = reproducible problem; Blocked = cannot complete because another defect/dependency prevents the test.
A6: When a test fails | B6: Create a Bug ID (example DP-001), enter it in both Full Use Test and Bug Log, record exact reproduction steps, device/browser, expected behavior, actual behavior, and screenshots/video if useful.
A7: Critical rule | B7: A Critical failure means do not call the closed-alpha build healthy until the defect is fixed or deliberately accepted.
A8: Fresh account checkpoint | B8: After signup and activation, specifically watch for stale signed-in UI / blocked Explore behavior before the first-time intro has correctly resolved.
A9: Persistence checkpoint | B9: For eggs, timers, wallet, party, Storage, stats, and active pet, test both hard refresh and logout/login.
A10: Mobile checkpoint | B10: Run the dedicated mobile rows on Pixel 10, Galaxy S22, and Galaxy S22 Ultra. Pay special attention to popups, scroll regions, close/save buttons, and accidental double taps.
A11: Production checkpoint | B11: Do not expose secrets or perform intrusive security testing. This sheet is for normal closed-alpha acceptance behavior and basic production-safety checks.
A12: Source note | B12: Core acceptance flow was expanded from the DeltaPets closed-alpha acceptance checklist found in the user's project files. Newer UI-specific rows are framed as behavioral acceptance checks rather than claims that every feature is fully implemented.

Sheet _Lists
A1: Status | B1: Priority
A2: Not Run | B2: Critical
A3: Pass | B3: High
A4: Fail | B4: Medium
A5: Blocked | B5: Low
